{
    "name": "antenna",
    "initial": "st_init",

    "states": [
        {"name": "st_init", "on_enter": "on_enter_init", "on_exit": ""},
        {"name": "st_disable", "on_enter": "on_enter_disabled",  "on_exit": ""},
        {"name": "st_waiting_tag", "on_enter": "on_enter_waiting_tag", "on_exit": "", "timeout": 15, "on_timeout": "on_message_time_out"},
        {"name": "st_tag_read", "on_enter": "on_enter_tag_read", "on_exit": ""},
        {"name": "st_validating_tag", "on_enter": "on_enter_tag_validating", "on_exit": ""},
        {"name":  "st_processing_tag_data", "on_enter": "on_enter_process_data"}
    ],
    "events": [
        "ev_init",
        "ev_disable",
        "ev_operative",
        "ev_process_tag",
        "ev_validate_tag",
        "ev_back_to_main"
    ],
    "transitions": [
        {
            "trigger": "ev_init",
            "source": "st_init",
            "dest": "st_disable",
            "conditions": "",
            "before": "",
            "after": ""
        },
        {
            "trigger": "ev_disable",
            "source": "*",
            "dest": "st_disable",
            "conditions": "",
            "before": "",
            "after": ""
        },
        {
            "trigger": "ev_operative",
            "source": "st_disable",
            "dest": "st_waiting_tag",
            "conditions": "",
            "before": "",
            "after": ""
        },
        {
            "trigger": "ev_process_tag",
            "source": "st_validating_tag",
            "dest": "st_processing_tag_data",
            "conditions": "",
            "before": "",
            "after": ""
        },
        {
            "trigger": "ev_validate_tag",
            "source": "*",
            "dest": "st_validating_tag",
            "conditions": "",
            "before": "",
            "after": ""
        },
        {
            "trigger": "ev_back_to_main",
            "source": "*",
            "dest": "st_disable"
        }
    ]
}